<?xml version="1.0" encoding="ISO-8859-1"?>
<!-- [y] hybris Platform Copyright (c) 2018 SAP SE or an SAP affiliate company. 
	All rights reserved. This software is the confidential and proprietary information 
	of SAP ("Confidential Information"). You shall not disclose such Confidential 
	Information and shall use it only in accordance with the terms of the license 
	agreement you entered into with SAP. -->
<!-- ATTENTION: This is just an example file. You have to edit it according 
	to your needs. -->

<items xmlns:xsi="http://www.w3.org/2001/XMLSchema-instance"
	xsi:noNamespaceSchemaLocation="items.xsd">

	<collectiontypes>
		<collectiontype code="BonusPointConfigList"
			elementtype="BonusPointConfiguration" autocreate="true" generate="true"
			type="list" />
			
		<collectiontype code="LoyaltyProgramThresholdList"
			elementtype="LoyaltyProgramThreshold" autocreate="true" generate="true"
			type="list" />	
			
	</collectiontypes>

	<enumtypes>
		<enumtype generate="true" code="EventTypeEnum" autocreate="true"
			dynamic="true">

		</enumtype>
	</enumtypes>
	<relations>

		<relation code="CustomerEventRecordRelation" autocreate="true"
			generate="true" localized="false">
			<sourceElement qualifier="customer" type="Customer"
				cardinality="one">
				<modifiers read="true" write="true" search="true"
					optional="true" />
			</sourceElement>
			<targetElement qualifier="eventRecord" type="EventRecord"
				cardinality="many">
				<modifiers read="true" write="true" search="true"
					optional="true" />
			</targetElement>

		</relation>
	</relations>

	<itemtypes>

		<itemtype generate="true" code="EventRecord"
			jaloclass="com.gamification.core.jalo.EventRecord" autocreate="true">
			<deployment table="eventRecord" typecode="12105" />
			<attributes>
				<attribute qualifier="eventType" type="EventTypeEnum">
					<description>EventType</description>
					<modifiers read="true" write="true" search="true" />
					<persistence type="property" />
				</attribute>
				<attribute qualifier="eventDate" type="java.util.Date">
					<modifiers read="true" write="true" search="true" />
					<persistence type="property" />
				</attribute>
				<attribute qualifier="pointsEarned" type="java.lang.Integer">
					<modifiers read="true" write="true" search="true" />
					<persistence type="property" />
				</attribute>
				<attribute qualifier="baseStore" type="BaseStore">
					<modifiers read="true" write="true" />
					<persistence type="property"/>
				</attribute>
			</attributes>
		</itemtype>

		<itemtype generate="true" code="BonusPointConfiguration"
			jaloclass="com.gamification.core.jalo.BonusPointConfiguration"
			autocreate="true">
			<deployment table="bonusPointConfiguration" typecode="12106" />
			<attributes>
				<attribute qualifier="eventType" type="EventTypeEnum">
					<description>EventType</description>
					<persistence type="property" />
					<modifiers read="true" write="true" search="true" optional="false" unique="true" />					
				</attribute>
				<attribute qualifier="bonusPoint" type="java.lang.Integer">
					<modifiers read="true" write="true" search="true" />
					<persistence type="property" />
				</attribute>
				<attribute qualifier="withEffectDate" type="java.util.Date">
					<modifiers read="true" write="true" search="true" />
					<persistence type="property" />
				</attribute>
				<attribute qualifier="active" type="java.lang.Boolean">
					<modifiers read="true" write="true" search="true" />
					<persistence type="property" />
				</attribute>

			</attributes>
		</itemtype>
		
		<!-- usergroup creation -->
		
		<itemtype generate="true" code="LoyaltyProgramThreshold"
			jaloclass="com.gamification.core.jalo.LoyaltyProgramThreshold"
			autocreate="true">
			<deployment table="loyaltyProgramThreshold" typecode="12107" />
			<attributes>
				<attribute qualifier="userGroups" type="UserGroup">
					<description>UserGroup</description>
					<persistence type="property" />
					<modifiers read="true" write="true" search="true" optional="false" unique="true" />					
				</attribute>
				<attribute qualifier="loyaltyPoints" type="java.lang.Integer">
					<modifiers read="true" write="true" search="true" />
					<persistence type="property" />
				</attribute>
			</attributes>
		</itemtype>


		<itemtype code="Customer" autocreate="false" generate="false">
			<attributes>
				<attribute qualifier="monthlyBonusPoints" type="java.lang.Integer">
					<description>monthlyBonusPoints</description>
					<modifiers read="true" write="true" search="true" />
					<persistence type="property" />
				</attribute>
				<attribute qualifier="yearlyBonusPoints" type="java.lang.Integer">
					<description>yearlyBonusPoints</description>
					<modifiers read="true" write="true" search="true" />
					<persistence type="property" />
				</attribute>
			</attributes>
		</itemtype>
		
		<itemtype code="User" autocreate="false" generate="false">
			<attributes>
				<attribute qualifier="isVisible" type="java.lang.Boolean">
					<description>Visibility</description>
					<modifiers read="true" write="true" search="true" />
					<persistence type="property" />
				</attribute>
			</attributes>
		</itemtype>
		



		<itemtype code="BaseStore" autocreate="false" generate="false">
			<description>Extending BaseStore type with additional attributes.
			</description>

			<attributes>
				<attribute qualifier="bonusPointConfiguration" type="BonusPointConfigList">
					<description>BonusPointConfiguration</description>
					<modifiers read="true" write="true" search="true" />
					<persistence type="property" />
				</attribute>
				
				<attribute qualifier="loyaltyProgramThreshold" type="LoyaltyProgramThresholdList">
					<description>LoyaltyProgramThresholdSetup</description>
					<modifiers read="true" write="true" search="true" />
					<persistence type="property" />
				</attribute>

			</attributes>
		</itemtype>

	<!-- Create LoyaltyProgramCronJob by extends CronJobModel -->
	
		<itemtype code="LoyaltyPointCalculationCronJob" autocreate="true" generate="true" extends="CronJob"
					 jaloclass="com.gamification.core.jalo.cron.LoyaltyPointCalculationCronJob">
			<attributes>
				<attribute qualifier="baseStore" type="BaseStore">
					<persistence type="property"/>
					<description>The base store to run against event publish queue</description>
				</attribute>
				
				<attribute qualifier="site" type="BaseSite">
					<persistence type="property"/>
					<description>The site on which the Loyal points publish</description>
				</attribute>
				
			</attributes>
		</itemtype>
		
		<itemtype code="LoyaltyProgramProcess" extends="StoreFrontCustomerProcess"
				autocreate="true" generate="true"
				jaloclass="de.hybris.platform.commerceservices.jalo.process.LoyaltyProgramProcessModel">
			<description>Extending StoreFrontCustomerProcess type.</description>
		</itemtype>

	</itemtypes>
</items>
