<?xml version="1.0" encoding="UTF-8"?>
<!--
 [y] hybris Platform

 Copyright (c) 2018 SAP SE or an SAP affiliate company. All rights reserved.

 This software is the confidential and proprietary information of SAP
 ("Confidential Information"). You shall not disclose such Confidential
 Information and shall use it only in accordance with the terms of the
 license agreement you entered into with SAP.
-->
<beans xmlns="http://www.springframework.org/schema/beans"
	xmlns:xsi="http://www.w3.org/2001/XMLSchema-instance"
	xmlns:aop="http://www.springframework.org/schema/aop"
	xsi:schemaLocation="http://www.springframework.org/schema/beans
           http://www.springframework.org/schema/beans/spring-beans.xsd
           http://www.springframework.org/schema/aop
           http://www.springframework.org/schema/aop/spring-aop.xsd">
	
    <bean id="gamificationcoreSystemSetup" class="com.gamification.core.setup.GamificationcoreSystemSetup">
        <!-- constructor arg injection example -->
        <constructor-arg ref="gamificationcoreService"/>
    </bean>

    <bean id="gamificationcoreService" class="com.gamification.core.service.impl.DefaultGamificationcoreService">
        <!-- setter injection example -->
        <property name="modelService" ref="modelService"/>
        <property name="mediaService" ref="mediaService"/>
        <property name="flexibleSearchService" ref="flexibleSearchService"/>
    </bean>
    <!-- Event Services -->
    <bean id="gamificationEventRecordService" class="com.gamification.core.service.impl.DefaultGamificationEventRecordService">
    </bean>
    <bean id="gamificationBonusPointConfigService" class="com.gamification.core.service.impl.DefaultGamificationBonusPointConfigService">
    </bean>
    <bean id="gamificationRequestQuoteEventService" class="com.gamification.core.service.impl.DefaultGamificationRequestQuoteEventService">
    </bean>
    
    
    <!-- Event Dao -->
    <bean id="gamificationBonusPointConfigDao" class="com.gamification.core.dao.impl.DefaultGamificationBonusPointConfigDao">
    </bean>
    <bean id="gamificationEventRecordDao" class="com.gamification.core.dao.impl.DefaultGamificationEventRecordDao">
    </bean>
    
     <!-- Event Listener -->
    <bean id="requestQuoteEventListener" class="com.gamification.core.listener.GamificationRequestQuoteEventListener"
		  parent="abstractEventListener">
	</bean>
	
	<bean id="placeOrderEventListener" class="com.gamification.core.listener.GamificationPlaceOrderEventListener"
		  parent="abstractEventListener">
	</bean>
	
	<bean id="firstLoginEventListener" class="com.gamification.core.listener.GamificationFirstLoginEventListener"
		  parent="abstractEventListener">
	</bean>
	
	<!-- service and dao bean entry for Cron JOB -->
	
		<!-- 14th june -->
	<bean id="loyaltyProgramEventService" class="com.gamification.core.service.impl.DefaultLoyaltyProgramEventService">

	</bean>
	
	<bean id="gamificationEventPointsService" class="com.gamification.core.service.impl.DefaultGamificationEventPointsService">
	 <property name="modelService" ref="modelService"/>
	 <property name="userService" ref="userService" />
	 <property name="loyaltyProgramEventService" ref="loyaltyProgramEventService" />	
	</bean>
	
	
	<!-- for cron job entry -->
	
	<bean id="loyaltyPointCalculationJob"
			class="com.gamification.core.LoyaltyPointCalculationJob"
			parent="abstractJobPerformable">
		<property name="gamificationEventPointsService" ref="gamificationEventPointsService"/>
	</bean>	
	
		
	<bean id="gamificationEventPointsDao" class="com.gamification.core.dao.impl.DefaultGamificationEventPointsDao">
	</bean>
	
	<!-- Business Process-->
	<bean id="loyaltyProgramEvent" class="com.gamification.core.listener.LoyaltyProgramEventListener" parent="abstractAcceleratorSiteEventListener">
	<property name="modelService" ref="modelService"/>
	 <property name="businessProcessService" ref="businessProcessService" />	
	</bean>
	
	<bean id="assignUserGroup"
          class="com.gamification.actions.loyalty.AssignUserGroupAction"
         parent="abstractAction">
    </bean>
	<bean id="generateLoyaltyProgramEmail" parent="abstractGenerateEmailAction">
		<property name="frontendTemplateName" value="LoyaltyProgramEmailTemplate"/>
	</bean>
			
	<bean id="loyaltyProgramProcessDefinitionResource" class="de.hybris.platform.processengine.definition.ProcessDefinitionResource" >
		<property name="resource" value="classpath:/gamificationcore/processes/loyaltyProgramProcess.xml"/>
	</bean>

	<!-- Beans for loyalty Program Email -->
    <!-- Product Registration Email Generation Service -->
    <alias alias="emailGenerationService" name="defaultLoyaltyProgramEmailGenerationService"/>
	<bean id="defaultLoyaltyProgramEmailGenerationService"
	      class="com.gamification.core.service.email.DefaultLoyaltyProgramEmailGenerationService"  parent="defaultEmailGenerationService">
	</bean>
	
			
	
</beans>
