<hybrisconfig xmlns:xsi='http://www.w3.org/2001/XMLSchema-instance' xsi:noNamespaceSchemaLocation='../bin/platform/resources/schemas/extensions.xsd'>
  <extensions>
    <path dir='${HYBRIS_BIN_DIR}' autoload='false' />
    <extension name='adaptivesearchsolr' />
    <extension name='adaptivesearchbackoffice' />
    <extension name='adaptivesearchsamplesaddon' />
    <extension name='adaptivesearchwebservices' />
    <extension name='commerceservicesbackoffice' />
    <extension name='solrfacetsearchbackoffice' />
    <extension name='solrserver' />
    
    <extension name='acceleratorwebservicesaddon' />
    <extension name='orderselfserviceaddon' />
    <extension name='customersupportbackoffice' />
   <extension name='customerticketingaddon' />
    <extension name='commerceorgsamplesaddon' />
    <extension name='rulebuilderbackoffice' />
    <extension name='couponbackoffice' />
    <extension name='droolsruleengineservices' />
    <extension name='couponfacades' />
    <extension name='couponservices' />
    <extension name='promotionenginesamplesaddon' />
    <extension name='cmswebservices' />
    
    <extension name='permissionswebservices' />
    
    <extension name='cmsbackoffice' />
    
    <extension name='cmsoccaddon' />
    
    <extension name='textfieldconfiguratortemplatebackoffice' />
    <extension name='textfieldconfiguratortemplateaddon' />
    <extension name='assistedservicestorefront' />
    <extension name='assistedservicewebservices' />
    <extension name='assistedservicepromotionaddon' />
    <extension name='pcmbackofficesamplesaddon' />
    <extension name='outboundservices' />
	
	<extension name='invacarebackoffice' />
	<extension name='invacarecore' />
	<extension name='invacarefacades' />
	<extension name='invacarefulfilmentprocess' />
	<extension name='invacarestorefront' />
	<extension name='invacaretest' />
	<extension name='tagb2bstorefront' />
	
	<extension name='tagstore' />
	<extension name='tagsecureportal' />
		<extension name='tagsupportticktingaddon' />

	<extension name='b2bacceleratoraddon' />
	<extension name='commerceorgaddon' />
	<extension name='productcomparison' />
	
	
    <extension name='powertoolsstore' />	
    <extension name='b2bcommercebackoffice' />

	<!-- CPQ extensions-->
	<extension name='sapproductconfigbackoffice' />
    <extension name='sapproductconfigb2b' />
    <extension name='sapproductconfigb2bservices' />
    <!-- <extension name='sapproductconfigb2baddon' /> -->
    <extension name='sapproductconfigrules' />
    <extension name='sapproductconfigrulesbackoffice' />
	<extension name='sapproductconfigmodel'/>
	<extension name='sapproductconfigruntimemock' />
	<extension name='invacaresapproductconfigurationruntimemock' />
	<!-- <extension name='ysapproductconfigaddon' /> -->
	<extension name='equipmentsapproductconfigaddon'/>
	<extension name='sapequipmentproductconfigb2baddon'/>

	<!-- Equipment extensions -->
	<!-- <extension name='equipmentb2bfulfilmentprocess'/> -->
	<extension name='equipmentb2bstorefront' />
	<extension name='equipmentstore' />
	<!--<extension name='tagb2borgaddon' />
	<extension name='equipmentb2borgaddon' />
	<extension name='equipmentb2baccaddon' />-->
	
	
	
	
	
    <!--<extension name='odata2webservices' />
    <extension name='odata2webservicesfeaturetests' />
    <extension name='kymaintegrationbackoffice' />
    <extension name='kymaintegrationsampledata' />
	
	<extension name='previewpersonalizationweb' />
    <extension name='personalizationcmsweb' />
    <extension name='personalizationsmartedit' />
    <extension name='personalizationpromotionssmartedit' />
    <extension name='personalizationsampledataaddon' />
    <extension name='personalizationpromotionssampledataaddon' />
    <extension name='personalizationpromotions' />
    <extension name='personalizationpromotionsweb' />
    <extension name='personalizationservicesbackoffice' />
    <extension name='personalizationpromotionsbackoffice' />
    <extension name='personalizationcmsbackoffice' />
    <extension name='personalizationsearchbackoffice' />
    <extension name='personalizationsearchsmartedit' />
    <extension name='personalizationsearchweb' />
    <extension name='personalizationsearchsamplesaddon' />
	
	<extension name='multicountrysampledataaddon' />
	<extension name='smarteditaddon' />
    <extension name='cmssmartedit' />
	<extension name='smarteditwebservices' />
    <extension name='cmssmarteditwebservices' />-->
	
  </extensions>
</hybrisconfig>