<?xml version="1.0" encoding="UTF-8"?>
<!--
 [y] hybris Platform

 Copyright (c) 2018 SAP SE or an SAP affiliate company.  All rights reserved.

 This software is the confidential and proprietary information of SAP
 ("Confidential Information"). You shall not disclose such Confidential
 Information and shall use it only in accordance with the terms of the
 license agreement you entered into with SAP.
-->
<beans xmlns="http://www.springframework.org/schema/beans"
	   xmlns:xsi="http://www.w3.org/2001/XMLSchema-instance"
	   xmlns:context="http://www.springframework.org/schema/context"
	   xmlns:util="http://www.springframework.org/schema/util"
	   xsi:schemaLocation="http://www.springframework.org/schema/beans
       http://www.springframework.org/schema/beans/spring-beans.xsd
       http://www.springframework.org/schema/context
           http://www.springframework.org/schema/context/spring-context.xsd http://www.springframework.org/schema/util http://www.springframework.org/schema/util/spring-util.xsd">

     <context:annotation-config/>

	<!--  HANDLERS -->
    <import resource="classpath:/safhollandcore-dynamic-attr-handler-spring.xml"/>

	<!-- Spring Integration -->
	<import resource="classpath:/safhollandcore/integration/hot-folder-common-spring.xml"/>
    <import resource="classpath:/safhollandcore/integration/hot-folder-store-safholland-spring.xml"/>
    
	<!-- SystemSetup for the SafhollandCore -->
	<bean id="acceleratorCoreSystemSetup" class="com.safholland.core.setup.CoreSystemSetup"
	       parent="abstractCoreSystemSetup"/>

	<!-- Solr field value providers TEMPORARY FOR NOW SO DO NOT NEED TO DEPEND ON yb2bacceleratorcore -->
	
	<!-- <bean id="powertoolsCategoryCodeValueProvider" parent="abstractCategoryCodeValueProvider">
        <property name="categorySource" ref="powertoolsCategorySource"/>
    </bean> -->

    <!-- <bean id="powertoolsBrandCategoryCodeValueProvider" parent="abstractCategoryCodeValueProvider">
        <property name="categorySource" ref="powertoolsBrandCategorySource"/>
    </bean> -->
    <!-- <bean id="powertoolsVariantCategoryCodeValueProvider" parent="abstractCategoryCodeValueProvider">
        <property name="categorySource" ref="powertoolsVariantCategorySource"/>
    </bean> -->


    <bean id="powertoolsCategoryNameValueProvider" parent="abstractCategoryNameValueProvider">
        <property name="categorySource" ref="powertoolsCategorySource"/>
    </bean>
    
    <!-- <bean id="powertoolsBrandCategoryNameValueProvider" parent="abstractCategoryNameValueProvider">
        <property name="categorySource" ref="powertoolsBrandCategorySource"/>
    </bean> -->
    
    <bean id="powertoolsCategorySource" parent="variantCategorySource">
        <property name="rootCategory" value="1"/> <!-- '1' is the root icecat category -->
    </bean>

    <!-- <bean id="powertoolsVariantCategorySource" parent="variantCategorySource"/> -->

    <!-- <bean id="powertoolsBrandCategorySource" parent="defaultCategorySource">
        <property name="rootCategory" value="brands"/> 'brands' is the root of the brands hierarchy
    </bean> -->

	<!-- Solr field value providers TEMPORARY FOR NOW SO DO NOT NEED TO DEPEND ON yb2bacceleratorcore -->

	<!-- Solr field value providers -->

	<bean id="volumeAwareProductPriceValueProvider" class="com.safholland.core.search.solrfacetsearch.provider.impl.VolumeAwareProductPriceValueProvider"  parent="abstractPropertyFieldValueProvider">
        <property name="fieldNameProvider" ref="solrFieldNameProvider"/>
        <property name="priceService" ref="priceService"/>
        <property name="commonI18NService" ref="commonI18NService"/>
        <property name="sessionService" ref="sessionService"/>
        <property name="userService" ref="userService"/>
        <property name="priceComparator" ref="volumePriceComparator"/>
        <property name="catalogVersionService" ref="catalogVersionService"/>
    </bean>

	<bean id="productSalesAreaValueResolver" class="com.safholland.core.search.solrfacetsearch.provider.impl.ProductSalesAreaValueResolver" parent="abstractValueResolver">
		<property name="qualifierProvider" ref="languageQualifierProvider" />
	</bean>

	<bean id="customerMaterialCodesValueResolver" class="com.safholland.core.search.solrfacetsearch.provider.impl.CustomerMaterialCodesValueResolver" parent="abstractValueResolver">
		<property name="qualifierProvider" ref="languageQualifierProvider" />
	</bean>
	
	<bean id="customerSerialNumbersValueResolver" class="com.safholland.core.search.solrfacetsearch.provider.impl.CustomerSerialNumbersValueResolver" parent="abstractValueResolver">
		<property name="qualifierProvider" ref="languageQualifierProvider" />
	</bean>

	<bean id="safhollandProductPricesValueResolver" class="com.safholland.core.search.solrfacetsearch.provider.impl.SAFHollandProductPricesValueResolver"
		parent="productPricesValueResolver">
		<property name="baseStoreService" ref="baseStoreService" />
	</bean>

	<alias name="safhollandCommerceSearchFiltersPopulator" alias="commerceSearchFiltersPopulator" />
	<bean id="safhollandCommerceSearchFiltersPopulator" class="com.safholland.core.search.solrfacetsearch.populators.SafhollandSearchFiltersPopulator" parent="defaultCommerceSearchFiltersPopulator">
		<property name="baseStoreService" ref="baseStoreService"/>
	</bean>

    <bean id="volumePriceComparator" class="com.safholland.core.comparators.VolumeAwarePriceInformationComparator" scope="singleton"/>

    <bean id="productVolumePricesProvider" class="com.safholland.core.search.solrfacetsearch.provider.impl.ProductVolumePricesProvider"  parent="abstractPropertyFieldValueProvider">
        <property name="fieldNameProvider" ref="solrFieldNameProvider"/>
        <property name="priceService" ref="priceService"/>
    </bean>

	<!-- <bean id="electronicsCategorySource" parent="abstractCategorySource">
		<property name="rootCategory" value="1"/>
		'1' is the root icecat category
	</bean>
	<bean id="electronicsBrandCategorySource" parent="abstractCategorySource">
		<property name="rootCategory" value="brands"/>
		'brands' is the root of the brands hierarchy
	</bean>

	<bean id="apparelCategorySource" parent="abstractCategorySource">
		<property name="rootCategory" value="categories"/>
		'categories' is the root apparel category
	</bean>
	<bean id="apparelBrandCategorySource" parent="abstractCategorySource">
		<property name="rootCategory" value="brands"/>
		'brands' is the root of the brands hierarchy
	</bean>
	<bean id="apparelCollectionCategorySource" parent="abstractCategorySource">
		<property name="rootCategory" value="collections"/> 'collections' is the root of the collections hierarchy
	</bean> -->

	<bean id="abstractCategoryCodeValueProvider" abstract="true"
	      class="de.hybris.platform.commerceservices.search.solrfacetsearch.provider.impl.CategoryCodeValueProvider"
	      parent="abstractPropertyFieldValueProvider" >
		<property name="fieldNameProvider" ref="solrFieldNameProvider"/>
		<property name="commonI18NService" ref="commonI18NService"/>
	</bean>
	<bean id="abstractCategoryNameValueProvider" abstract="true"
	      class="de.hybris.platform.commerceservices.search.solrfacetsearch.provider.impl.CategoryNameValueProvider"
	      parent="abstractPropertyFieldValueProvider" >
		<property name="fieldNameProvider" ref="solrFieldNameProvider"/>
		<property name="commonI18NService" ref="commonI18NService"/>
	</bean>

	<!-- <bean id="electronicsCategoryCodeValueProvider" parent="abstractCategoryCodeValueProvider">
		<property name="categorySource" ref="electronicsCategorySource"/>
	</bean> -->
	<!-- <bean id="electronicsBrandCategoryCodeValueProvider" parent="abstractCategoryCodeValueProvider">
		<property name="categorySource" ref="electronicsBrandCategorySource"/>
	</bean> -->
	<!-- <bean id="electronicsCategoryNameValueProvider" parent="abstractCategoryNameValueProvider">
		<property name="categorySource" ref="electronicsCategorySource"/>
	</bean> -->
	<!-- <bean id="electronicsBrandCategoryNameValueProvider" parent="abstractCategoryNameValueProvider">
		<property name="categorySource" ref="electronicsBrandCategorySource"/>
	</bean> -->

	<!-- <bean id="apparelCategoryCodeValueProvider" parent="abstractCategoryCodeValueProvider">
		<property name="categorySource" ref="apparelCategorySource"/>
	</bean> -->
	<!-- <bean id="apparelBrandCategoryCodeValueProvider" parent="abstractCategoryCodeValueProvider">
		<property name="categorySource" ref="apparelBrandCategorySource"/>
	</bean> -->
	<!-- <bean id="apparelCollectionCategoryCodeValueProvider" parent="abstractCategoryCodeValueProvider">
		<property name="categorySource" ref="apparelCollectionCategorySource"/>
	</bean> -->
	<!-- <bean id="apparelCategoryNameValueProvider" parent="abstractCategoryNameValueProvider">
		<property name="categorySource" ref="apparelCategorySource"/>
	</bean> -->
	<!-- <bean id="apparelBrandCategoryNameValueProvider" parent="abstractCategoryNameValueProvider">
		<property name="categorySource" ref="apparelBrandCategorySource"/>
	</bean> -->
	<!-- <bean id="apparelCollectionCategoryNameValueProvider" parent="abstractCategoryNameValueProvider">
		<property name="categorySource" ref="apparelCollectionCategorySource"/>
	</bean> -->

	<bean id="image515ValueProvider" parent="abstractImageValueProvider" >
		<property name="mediaFormat" value="515Wx515H"/>
	</bean>
	<bean id="image300ValueProvider" parent="abstractImageValueProvider" >
		<property name="mediaFormat" value="300Wx300H"/>
	</bean>
	<bean id="image96ValueProvider" parent="abstractImageValueProvider" >
		<property name="mediaFormat" value="96Wx96H"/>
	</bean>
	<bean id="image65ValueProvider" parent="abstractImageValueProvider" >
		<property name="mediaFormat" value="65Wx65H"/>
	</bean>
	<bean id="image30ValueProvider" parent="abstractImageValueProvider" >
		<property name="mediaFormat" value="30Wx30H"/>
	</bean>

	<bean id="productUrlValueProvider"
	      class="de.hybris.platform.commerceservices.search.solrfacetsearch.provider.impl.ProductUrlValueProvider"
	      parent="abstractPropertyFieldValueProvider" >
		<property name="urlResolver" ref="productModelUrlResolver"/>
		<property name="fieldNameProvider" ref="solrFieldNameProvider"/>
		<property name="i18nService" ref="i18nService"/>
		<property name="commonI18NService" ref="commonI18NService"/>
	</bean>

	<!-- <bean id="promotionCodeValueProvider"
	      class="de.hybris.platform.commerceservices.search.solrfacetsearch.provider.impl.PromotionCodeValueProvider"
	      parent="abstractPropertyFieldValueProvider" >
		<property name="promotionsService" ref="promotionsService"/>
		<property name="fieldNameProvider" ref="solrFieldNameProvider"/>
	</bean> -->

	<!-- <bean id="promotionImageValueProvider"
	      class="de.hybris.platform.commerceservices.search.solrfacetsearch.provider.impl.PrimaryPromotionImageValueProvider"
	      parent="abstractPropertyFieldValueProvider" >
		<property name="promotionsService" ref="promotionsService"/>
		<property name="fieldNameProvider" ref="solrFieldNameProvider"/>
	</bean> -->

	<!-- <bean id="colorFacetValueProvider"
	      class="com.safholland.core.search.solrfacetsearch.provider.impl.ColorFacetValueProvider"
	       parent="abstractPropertyFieldValueProvider">
		<property name="fieldNameProvider" ref="solrFieldNameProvider"/>
	</bean> -->

	<!-- <bean id="colorFacetDisplayNameProvider"
	      class="com.safholland.core.search.solrfacetsearch.provider.impl.ColorFacetDisplayNameProvider"
	      >
		<property name="enumerationService" ref="enumerationService"/>
		<property name="i18nService" ref="i18nService"/>
		<property name="commonI18NService" ref="commonI18NService"/>
	</bean> -->

	<!-- <bean id="apparelPointOfServiceFacetDisplayNameProvider"
	      class="com.safholland.core.search.solrfacetsearch.provider.impl.PointOfServiceFacetDisplayNameProvider"
	      >
		<property name="pointOfServiceService" ref="pointOfServiceService"/>
	</bean> -->

	<!-- <bean id="electronicsPointOfServiceFacetDisplayNameProvider"
	      class="com.safholland.core.search.solrfacetsearch.provider.impl.PointOfServiceFacetDisplayNameProvider"
	      >
		<property name="pointOfServiceService" ref="pointOfServiceService"/>
	</bean> -->

	<!-- <bean id="genderValueProvider"
	      class="com.safholland.core.search.solrfacetsearch.provider.impl.GenderValueProvider"
	       parent="abstractPropertyFieldValueProvider">
		<property name="fieldNameProvider" ref="solrFieldNameProvider"/>
	</bean> -->

	<!-- <bean id="genderFacetDisplayNameProvider"
	      class="com.safholland.core.search.solrfacetsearch.provider.impl.GenderFacetDisplayNameProvider"
	      >
		<property name="enumerationService" ref="enumerationService"/>
		<property name="i18nService" ref="i18nService"/>
		<property name="commonI18NService" ref="commonI18NService"/>
	</bean> -->
	
	<!--
		Event listeners are singletons, therefore the dependency for a bean in tenant-scope
		must be configured with a lookup method.
	-->
	<bean id="orderCancelledEventListener"
	      class="com.safholland.core.event.OrderCancelledEventListener" parent="abstractAcceleratorSiteEventListener">
		<property name="modelService" ref="modelService"/>
		<property name="businessProcessService" ref="businessProcessService"/>
	</bean>
	<bean id="orderRefundEventListener"
	      class="com.safholland.core.event.OrderRefundEventListener" parent="abstractAcceleratorSiteEventListener">
		<property name="modelService" ref="modelService"/>
		<property name="businessProcessService" ref="businessProcessService"/>
	</bean>
	<bean id="customerRegistrationEventListener"
	      class="com.safholland.core.event.RegistrationEventListener" parent="abstractAcceleratorSiteEventListener">
		<property name="modelService" ref="modelService"/>
		<property name="businessProcessService" ref="businessProcessService"/>
	</bean>
	<bean id="forgottenPasswordEventListener"
	      class="com.safholland.core.event.ForgottenPasswordEventListener" parent="abstractAcceleratorSiteEventListener">
		<property name="modelService" ref="modelService"/>
		<property name="businessProcessService" ref="businessProcessService"/>
	</bean>
	<bean id="submitOrderEventListener" class="com.safholland.core.event.SubmitOrderEventListener" parent="abstractAcceleratorSiteEventListener">
		<property name="businessProcessService" ref="businessProcessService"/>
		<property name="modelService" ref="modelService"/>
		<property name="baseStoreService" ref="baseStoreService"/>
	</bean>
	<bean id="orderConfirmationEventListener"
	      class="com.safholland.core.event.OrderConfirmationEventListener" parent="abstractAcceleratorSiteEventListener">
		<property name="modelService" ref="modelService"/>
		<property name="businessProcessService" ref="businessProcessService"/>
	</bean>
	<bean id="sendDeliveryMessageEventListener"
	      class="com.safholland.core.event.SendDeliveryMessageEventListener" parent="abstractAcceleratorSiteEventListener">
		<property name="modelService" ref="modelService"/>
		<property name="businessProcessService" ref="businessProcessService"/>
	</bean>
	<bean id="sendReadyForPickupMessageEventListener"
	      class="com.safholland.core.event.SendReadyForPickupMessageEventListener" parent="abstractAcceleratorSiteEventListener">
		<property name="modelService" ref="modelService"/>
		<property name="businessProcessService" ref="businessProcessService"/>
	</bean>
	<bean id="sendOrderPartiallyCanceledMessageEventListener"
	      class="com.safholland.core.event.SendOrderPartiallyCanceledMessageEventListener" parent="abstractAcceleratorSiteEventListener">
		<property name="modelService" ref="modelService"/>
		<property name="businessProcessService" ref="businessProcessService"/>
	</bean>
	<bean id="sendOrderPartiallyRefundedMessageEventListener"
	      class="com.safholland.core.event.SendOrderPartiallyRefundedMessageEventListener" parent="abstractAcceleratorSiteEventListener">
		<property name="modelService" ref="modelService"/>
		<property name="businessProcessService" ref="businessProcessService"/>
	</bean>
	<bean id="sendNotPickedUpConsignmentCanceledMessageEventListener"
	      class="com.safholland.core.event.SendNotPickedUpConsignmentCanceledMessageEventListener" parent="abstractAcceleratorSiteEventListener">
		<property name="modelService" ref="modelService"/>
		<property name="businessProcessService" ref="businessProcessService"/>
	</bean>
	<bean id="orderCompletedEventListener" class="com.safholland.core.event.OrderCompletedEventListener" parent="abstractAcceleratorSiteEventListener">
		<property name="modelService" ref="modelService"/>
		<property name="businessProcessService" ref="businessProcessService"/>
	</bean>
	
	<!-- saf OrderOnHoldEventListener-->
	
	<bean id="safOrderOnHoldEventListener"
	      class="com.safholland.core.event.SafOrderOnHoldEventListener" parent="abstractAcceleratorSiteEventListener">
		<property name="modelService" ref="modelService"/>
		<property name="businessProcessService" ref="businessProcessService"/>
	</bean>

	<!-- Process resources definition -->

	<bean id="customerRegistrationEmailProcessDefinitionResource"
	      class="de.hybris.platform.processengine.definition.ProcessDefinitionResource" >
		<property name="resource" value="classpath:/safhollandcore/processes/customerRegistrationEmailProcess.xml"/>
	</bean>
	<bean id="forgottenPasswordEmailProcessDefinitionResource"
	      class="de.hybris.platform.processengine.definition.ProcessDefinitionResource" >
		<property name="resource" value="classpath:/safhollandcore/processes/forgottenPasswordEmailProcess.xml"/>
	</bean>
	<bean id="orderConfirmationEmailProcessDefinitionResource"
	      class="de.hybris.platform.processengine.definition.ProcessDefinitionResource" >
		<property name="resource" value="classpath:/safhollandcore/processes/orderConfirmationEmailProcess.xml"/>
	</bean>
	<bean id="sendDeliveryEmailProcessDefinitionResource"
	      class="de.hybris.platform.processengine.definition.ProcessDefinitionResource" >
		<property name="resource" value="classpath:/safhollandcore/processes/sendDeliveryEmailProcess.xml"/>
	</bean>
	<bean id="sendReadyForPickupEmailProcessDefinitionResource"
	      class="de.hybris.platform.processengine.definition.ProcessDefinitionResource" >
		<property name="resource" value="classpath:/safhollandcore/processes/sendReadyForPickupEmailProcess.xml"/>
	</bean>
	<bean id="sendOrderCancelledEmailProcessDefinitionResource"
	      class="de.hybris.platform.processengine.definition.ProcessDefinitionResource" >
		<property name="resource" value="classpath:/safhollandcore/processes/sendOrderCancelledEmailProcess.xml"/>
	</bean>
	<bean id="sendOrderRefundEmailProcessDefinitionResource"
	      class="de.hybris.platform.processengine.definition.ProcessDefinitionResource" >
		<property name="resource" value="classpath:/safhollandcore/processes/sendOrderRefundEmailProcess.xml"/>
	</bean>
	<bean id="sendOrderPartiallyCanceledEmailProcessDefinitionResource"
	      class="de.hybris.platform.processengine.definition.ProcessDefinitionResource" >
		<property name="resource" value="classpath:/safhollandcore/processes/sendOrderPartiallyCanceledEmailProcess.xml"/>
	</bean>
	<bean id="sendOrderPartiallyRefundedEmailProcessDefinitionResource"
	      class="de.hybris.platform.processengine.definition.ProcessDefinitionResource" >
		<property name="resource" value="classpath:/safhollandcore/processes/sendOrderPartiallyRefundedEmailProcess.xml"/>
	</bean>
	<bean id="sendNotPickedUpConsignmentCanceledEmailProcessDefinitionResource"
	      class="de.hybris.platform.processengine.definition.ProcessDefinitionResource" >
		<property name="resource" value="classpath:/safhollandcore/processes/sendNotPickedUpConsignmentCanceledEmailProcess.xml"/>
	</bean>
	
	<bean id="safOrderHoldProcessDefinitionResource"
	      class="de.hybris.platform.processengine.definition.ProcessDefinitionResource" >
		<property name="resource" value="classpath:/safhollandcore/processes/SAFOrderHoldProcess.xml"/>
	</bean>

	<!-- Actions -->
	<bean id="abstractAction" class="de.hybris.platform.processengine.action.AbstractAction"
	      abstract="true">
		<property name="modelService" ref="modelService"/>
		<property name="processParameterHelper" ref="processParameterHelper"/>
	</bean>

	<bean id="sendEmail" class="de.hybris.platform.acceleratorservices.process.email.actions.SendEmailAction"
	       parent="abstractAction">
		<property name="emailService" ref="emailService"/>
	</bean>

	<bean id="abstractGenerateEmailAction" class="de.hybris.platform.acceleratorservices.process.email.actions.GenerateEmailAction"
	      parent="abstractAction" abstract="true">
		<property name="modelService" ref="modelService"/>
		<property name="cmsEmailPageService" ref="cmsEmailPageService"/>
		<property name="contextResolutionStrategy" ref="processContextResolutionStrategy"/>
		<property name="emailGenerationService" ref="emailGenerationService"/>
	</bean>

	<bean id="generateCustomerRegistrationEmail" parent="abstractGenerateEmailAction">
		<property name="frontendTemplateName" value="CustomerRegistrationEmailTemplate"/>
	</bean>

	<bean id="generateForgottenPasswordEmail" parent="abstractGenerateEmailAction">
		<property name="frontendTemplateName" value="ForgottenPasswordEmailTemplate"/>
	</bean>

	<bean id="generateOrderConfirmationEmail" parent="abstractGenerateEmailAction">
		<property name="frontendTemplateName" value="OrderConfirmationEmailTemplate"/>
	</bean>

	<bean id="generateDeliverySentEmail" parent="abstractGenerateEmailAction">
		<property name="frontendTemplateName" value="DeliverySentEmailTemplate"/>
	</bean>

	<bean id="generateReadyForPickupEmail" parent="abstractGenerateEmailAction">
		<property name="frontendTemplateName" value="ReadyForPickupEmailTemplate"/>
	</bean>

	<bean id="generateOrderCancelledEmail" parent="abstractGenerateEmailAction">
		<property name="frontendTemplateName" value="OrderCancelledEmailTemplate"/>
	</bean>

	<bean id="generateOrderRefundEmail" parent="abstractGenerateEmailAction">
		<property name="frontendTemplateName" value="OrderRefundEmailTemplate"/>
	</bean>

	<bean id="generateOrderPartiallyCanceledEmail" parent="abstractGenerateEmailAction">
		<property name="frontendTemplateName" value="OrderPartiallyCanceledEmailTemplate"/>
	</bean>
	<bean id="generateOrderPartiallyRefundedEmail" parent="abstractGenerateEmailAction">
		<property name="frontendTemplateName" value="OrderPartiallyRefundedEmailTemplate"/>
	</bean>
	<bean id="generateNotPickedUpConsignmentCanceledEmail" parent="abstractGenerateEmailAction">
		<property name="frontendTemplateName" value="NotPickedUpConsignmentCanceledEmailTemplate"/>
	</bean>
	<!-- Order on Hold Email -->
	<bean id="generateSAFOrderHoldEmail" parent="abstractGenerateEmailAction">
		<property name="frontendTemplateName" value="SAFOrderOnHoldEmailTemplate"/>
	</bean>


	<bean id="removeSentEmail"
	      class="de.hybris.platform.acceleratorservices.process.email.actions.RemoveSentEmailAction"
	      parent="abstractAction">
		<property name="modelService" ref="modelService"/>
	</bean>

    <bean id="markQuoteNotificationAsSent"
          class="com.safholland.core.actions.quote.MarkQuoteNotificationAsSentAction"
          parent="abstractAction" abstract="true">
        <property name="quoteService" ref="quoteService"/>
    </bean>

	<!-- Simple Suggestion Service -->
	<alias alias="simpleSuggestionService" name="defaultSimpleSuggestionService"/>
	<bean id="defaultSimpleSuggestionService"
	      class="com.safholland.core.suggestion.impl.DefaultSimpleSuggestionService" >
		<property name="simpleSuggestionDao" ref="simpleSuggestionDao"/>
	</bean>
	<alias alias="simpleSuggestionDao" name="defaultSimpleSuggestionDao"/>
	<bean id="defaultSimpleSuggestionDao"
	      class="com.safholland.core.suggestion.dao.impl.DefaultSimpleSuggestionDao"
	      parent="abstractItemDao" >
		<property name="flexibleSearchService" ref="flexibleSearchService"/>
	</bean>

	<bean id="mccSiteUrlHelper" class="com.safholland.core.util.MccSiteUrlHelper" >
		<property name="siteChannelValidationStrategy" ref="siteChannelValidationStrategy"/>
		<property name="siteBaseUrlResolutionService" ref="siteBaseUrlResolutionService"/>
		<property name="cmsSiteService" ref="cmsSiteService"/>
	</bean>

	<!-- Product Reference Lookup Strategies-->
	<alias name="apparelCrossSellingProductReferenceTargetStrategy" alias="crossSellingProductReferenceTargetStrategy"/>
	<bean id="apparelCrossSellingProductReferenceTargetStrategy"
	      parent="defaultCrossSellingProductReferenceTargetStrategy">
		<property name="productReferenceTargetStrategies">
			<list merge="true">
				<ref bean="apparelSizeProductReferenceTargetStrategy"/>
			</list>
		</property>
	</bean>

	<bean id="apparelSizeProductReferenceTargetStrategy"
	      class="com.safholland.core.strategies.impl.ApparelSizeProductReferenceTargetStrategy">
		<property name="commerceCategoryService" ref="commerceCategoryService"/>
		<property name="rootCategoryCode" value="categories"/>
	</bean>

	<!-- Sales quote process actions -->

	<!-- quote-->
	<bean id="quoteBuyerSubmitEventListener" class="com.safholland.core.event.QuoteBuyerSubmitEventListener"
		  parent="abstractEventListener">
		<property name="modelService" ref="modelService"/>
		<property name="businessProcessService" ref="businessProcessService"/>
	</bean>

	<bean id="quoteSalesRepSubmitEventListener" class="com.safholland.core.event.QuoteSalesRepSubmitEventListener"
		  parent="abstractEventListener">
		<property name="modelService" ref="modelService"/>
		<property name="businessProcessService" ref="businessProcessService"/>
	</bean>

	<bean id="quoteSellerApprovalSubmitEventListener" class="com.safholland.core.event.QuoteSellerApprovalSubmitEventListener"
		  parent="abstractEventListener">
		<property name="modelService" ref="modelService"/>
		<property name="businessProcessService" ref="businessProcessService"/>
	</bean>

	<bean id="quoteBuyerOrderPlacedEventListener" class="com.safholland.core.event.QuoteBuyerOrderPlacedEventListener"
		  parent="abstractEventListener">
		<property name="commerceQuoteService" ref="commerceQuoteService"/>
		<property name="modelService" ref="modelService"/>
	</bean>

	<bean id="quoteToExpireSoonEventListener" class="com.safholland.core.event.QuoteToExpireSoonEventListener"
		  parent="abstractEventListener">
		<property name="modelService" ref="modelService"/>
		<property name="businessProcessService" ref="businessProcessService"/>
	</bean>
	
	<bean id="quoteExpiredEventListener" class="com.safholland.core.event.QuoteExpiredEventListener"
		  parent="abstractEventListener">
		<property name="modelService" ref="modelService"/>
		<property name="businessProcessService" ref="businessProcessService"/>
	</bean>

	<bean id="quoteCancelEventListener" class="com.safholland.core.event.QuoteCancelEventListener"
		  parent="abstractEventListener">
		<property name="modelService" ref="modelService"/>
		<property name="businessProcessService" ref="businessProcessService"/>
	</bean>

	<bean id="quoteBuyerProcessDefinitionResource"
		  class="de.hybris.platform.processengine.definition.ProcessDefinitionResource" >
		<property name="resource" value="classpath:/safhollandcore/processes/quote/quote-buyer-process.xml"/>
	</bean>

	<bean id="quoteSalesRepProcessDefinitionResource"
		  class="de.hybris.platform.processengine.definition.ProcessDefinitionResource" >
		<property name="resource" value="classpath:/safhollandcore/processes/quote/quote-salesrep-process.xml"/>
	</bean>


	<bean id="quoteSellerApprovalProcessDefinitionResource"
		  class="de.hybris.platform.processengine.definition.ProcessDefinitionResource" >
		<property name="resource" value="classpath:/safhollandcore/processes/quote/quote-seller-approval-process.xml"/>
	</bean>
	
	<bean id="quotePostCancellationProcessDefinitionResource"
		  class="de.hybris.platform.processengine.definition.ProcessDefinitionResource" >
		<property name="resource" value="classpath:/safhollandcore/processes/quote/quote-post-cancellation-process.xml"/>
	</bean>

	<bean id="quoteToExpireSoonProcessDefinitionResource"
		  class="de.hybris.platform.processengine.definition.ProcessDefinitionResource" >
		<property name="resource" value="classpath:/safhollandcore/processes/quote/quote-to-expire-soon-email-process.xml"/>
	</bean>
	
	<bean id="quoteExpiredProcessDefinitionResource"
		  class="de.hybris.platform.processengine.definition.ProcessDefinitionResource" >
		<property name="resource" value="classpath:/safhollandcore/processes/quote/quote-expired-email-process.xml"/>
	</bean>

	<!-- Quotes email notification jobs -->
	<bean id="quoteToExpireSoonJobPerformable"
		  class="com.safholland.core.job.QuoteToExpireSoonJobPerformable"
		  parent="abstractJobPerformable">
		<property name="supportedQuoteStatuses">
			<set value-type="de.hybris.platform.core.enums.QuoteState">
				<value>BUYER_OFFER</value>
			</set>
		</property>
		<property name="commerceQuoteDao" ref="commerceQuoteDao"/>
		<property name="eventService" ref="eventService" />
		<property name="configurationService" ref="configurationService" />
		<property name="timeService" ref="timeService" />
	</bean>
	
	<bean id="quoteExpiredJobPerformable"
		  class="com.safholland.core.job.QuoteExpiredJobPerformable"
		  parent="abstractJobPerformable">
		<property name="supportedQuoteStatuses">
			<set value-type="de.hybris.platform.core.enums.QuoteState">
				<value>BUYER_OFFER</value>
			</set>
		</property>
		<property name="commerceQuoteDao" ref="commerceQuoteDao"/>
		<property name="eventService" ref="eventService" />
		<property name="timeService" ref="timeService" />
	</bean>

	<import resource="/safhollandcore/processes/quote/quote-buyer-process-spring.xml"/>
	<import resource="/safhollandcore/processes/quote/quote-salesrep-process-spring.xml"/>
	<import resource="/safhollandcore/processes/quote/quote-seller-approval-process-spring.xml"/>
	
	<import resource="/safhollandcore/processes/quote/quote-to-expire-soon-email-process-spring.xml"/>
	<import resource="/safhollandcore/processes/quote/quote-expired-email-process-spring.xml"/>

	<import resource="/safhollandcore/processes/quote/quote-post-cancellation-process-spring.xml"/>
	
	<!-- Customer cleanup -->
	<alias name="defaultCustomerCleanupRelatedObjectsAction" alias="customerCleanupRelatedObjectsAction"/>
	<bean id="defaultCustomerCleanupRelatedObjectsAction" class="com.safholland.core.retention.impl.DefaultCustomerCleanupRelatedObjectsAction" parent="abstractExtensibleRemoveCleanupAction">
		<property name="itemCleanupHooks" ref="customerCleanupHooks"/>
	</bean>
	
	<!-- Cleanup the customers not owning any order currently and the current date has past deactivation date+retention date. Also removes customers audit records. -->
	<alias name="defaultCustomerNotOwningOrdersRemoveCleanupAction" alias="customerNotOwningOrdersRemoveCleanupAction"/>
	<bean id="defaultCustomerNotOwningOrdersRemoveCleanupAction" class="de.hybris.platform.retention.impl.DefaultExtensibleRemoveCleanupAction" parent="abstractExtensibleRemoveCleanupAction">
		<property name="itemCleanupHooks" ref="customerCleanupHooks"/>
	</bean>
	
	<!-- Order cleanup -->
	<!-- Cleanup the order related objects and then remove order and its audit records. -->
	<alias name="defaultOrderRemoveCleanupAction" alias="orderRemoveCleanupAction"/>
	<bean id="defaultOrderRemoveCleanupAction" class="de.hybris.platform.retention.impl.DefaultExtensibleRemoveCleanupAction" parent="abstractExtensibleRemoveCleanupAction">
		<property name="itemCleanupHooks" ref="orderCleanupHooks"/>
	</bean>

	<!-- CsTicket Remove action -->
	<alias name="defaultCSTicketRemoveCleanupAction" alias="csTicketRemoveCleanupAction"/>
	<bean id="defaultCSTicketRemoveCleanupAction" class="de.hybris.platform.retention.impl.DefaultExtensibleRemoveCleanupAction" parent="abstractExtensibleRemoveCleanupAction">
		<property name="itemCleanupHooks" ref="csTicketCleanupHooks"/>
	</bean>

	<!-- CsTicket Stagnation action -->
	<alias name="defaultCSTicketStagnationAction" alias="csTicketStagnationAction"/>
	<bean id="defaultCSTicketStagnationAction" class="com.safholland.core.retention.impl.DefaultCSTicketStagnationAction" parent="abstractExtensibleRemoveCleanupAction">
		<property name="itemCleanupHooks" ref="csTicketRetentionHooks"/>
		<property name="ticketBusinessService" ref="ticketBusinessService"/>
	</bean>
	
	<alias name="defaultSAFHollandCategoryDao" alias="safHollandCategoryDao"/>
	<bean id="defaultSAFHollandCategoryDao" class="com.safholland.core.category.dao.impl.DefaultSAFHollandCategoryDao" parent="categoryDao">
	</bean>
	
	<!-- Exploded View Dao -->
	<alias name="defaultSAFHollandExplodedViewDao" alias="safHollandExplodedViewDao" />
	<bean id="defaultSAFHollandExplodedViewDao" class="com.safholland.core.explodedview.dao.impl.DefaultSAFHollandExplodedViewDao" />
	
	<!-- Helper class for SAFHollandProductCategoryTranslator -->
    <bean id="safHollandProductCategoryHelper" class="com.safholland.core.impex.jalo.SAFHollandProductCategoryHelperImpl">
        <property name="productService" ref="productService"/>
        <property name="catalogVersionService" ref="catalogVersionService"/>
        <property name="categoryService" ref="categoryService"/>
        <property name="modelService" ref="modelService"/>
        <property name="classificationSystemService" ref="classificationSystemService"/>
    </bean>
	
	<alias name="defaultSAFHollandRecentlyViewedProductsDao" alias="safHollandRecentlyViewedProductsDao" />
	<bean id="defaultSAFHollandRecentlyViewedProductsDao" class="com.safholland.core.recentlyviewedproducts.dao.impl.DefaultSAFHollandRecentlyViewedProductsDao" />
	
	<!-- SAFHolland Address Dao Bean -->
	<alias name="defaultSAFHollandAddressDao" alias="safHollandAddressDao"/>
	<bean id="defaultSAFHollandAddressDao" class="com.safholland.core.address.dao.impl.DefaultSAFHollandAddressDao" />
	
	<!-- zero inventory Add To Cart Strategy bean   -->
	<alias name="safhollandAddToCartStrategy" alias="commerceAddToCartStrategy"/>
	<bean id="safhollandAddToCartStrategy" parent="defaultCommerceAddToCartStrategy" class="com.safholland.core.order.SafhollandAddToCartStrategy" />
	
	<alias name="safhollandDefaultCartValidationStrategy" alias="cartValidationStrategy"/>
	<bean id="safhollandDefaultCartValidationStrategy" parent="defaultCartValidationStrategy" class="com.safholland.core.strategies.impl.SafhollandDefaultCartValidationStrategy" />
	

	<bean id="assemblyHotspotMappingPrepareInterceptor" class="com.safholland.core.interceptors.AssemblyHotspotMappingPrepareInterceptor"/>
    <bean id="assemblyHotspotMappingPrepareInterceptorMapping"
          class="de.hybris.platform.servicelayer.interceptor.impl.InterceptorMapping">
        <property name="interceptor" ref="assemblyHotspotMappingPrepareInterceptor"/>
        <property name="typeCode" value="AssemblyHotspotMapping"/>
    </bean>
	
	<bean id="safhollandMediaDao" class="com.safholland.core.media.impl.DefaultSafhollandMediaDao" />
	
	<bean id="documentMediaValueResolver" class="com.safholland.core.search.solrfacetsearch.provider.impl.DocumentMediaValueResolver" parent="abstractValueResolver">
		<property name="qualifierProvider" ref="languageQualifierProvider" />
		<property name="enumerationService" ref="enumerationService" />
	</bean>

	<bean id="safhollandDistChainCodeResolver" class="com.safholland.core.search.solrfacetsearch.provider.impl.SafhollandDistChainCodeResolver" parent="abstractValueResolver">
		<property name="qualifierProvider" ref="languageQualifierProvider" />
	</bean>

	
	<bean id="safhollandVolumePricesResolver" class="com.safholland.core.search.solrfacetsearch.provider.impl.SafhollandVolumePricesResolver" parent="abstractValueResolver">
		<property name="qualifierProvider" ref="languageQualifierProvider" />
		<property name="priceService" ref="priceService" />
		<property name="priceDataFactory" ref="priceDataFactory" />
	</bean>
	
	<bean id="whereUsedPrepareInterceptor" class="com.safholland.core.interceptors.WhereUsedPrepareInterceptor"/>
    <bean id="whereUsedPrepareInterceptorMapping"
          class="de.hybris.platform.servicelayer.interceptor.impl.InterceptorMapping">
        <property name="interceptor" ref="whereUsedPrepareInterceptor"/>
        <property name="typeCode" value="ProductReference"/>
    </bean>
    
    <alias name="defaultSAFHollandAmountFormatter" alias="safHollandAmountFormatter" />
	<bean id="defaultSAFHollandAmountFormatter" class="com.safholland.core.formatters.impl.DefaultSAFHollandAmountFormatter" />
    
    <bean id="safhollandStrippedCodeValueResolver" class="com.safholland.core.search.solrfacetsearch.provider.impl.SAFHollandStrippedCodeValueResolver" parent="abstractValueResolver">
		<property name="qualifierProvider" ref="languageQualifierProvider" />
	</bean>
	
	<bean id="safhollandStrippedCustomerMaterialCodesValueResolver" class="com.safholland.core.search.solrfacetsearch.provider.impl.SAFHollandStrippedCustomerMaterialCodesValueResolver" parent="abstractValueResolver">
		<property name="qualifierProvider" ref="languageQualifierProvider" />
	</bean>
	
	<bean id="safhollandStrippedCustomerSerialNumbersValueResolver" class="com.safholland.core.search.solrfacetsearch.provider.impl.SAFHollandStrippedCustomerSerialNumbersValueResolver" parent="abstractValueResolver">
		<property name="qualifierProvider" ref="languageQualifierProvider" />
	</bean>
	
	<bean id="safhollandProductTypeValueResolver" class="com.safholland.core.search.solrfacetsearch.provider.impl.SAFHollandProductTypeValueResolver" parent="abstractValueResolver">
		<property name="qualifierProvider" ref="languageQualifierProvider" />
	</bean>
	
	<bean id="safhollandFamilyResolver" class="com.safholland.core.search.solrfacetsearch.provider.impl.SAFHollandFamilyResolver" parent="abstractValueResolver">
		<property name="qualifierProvider" ref="languageQualifierProvider" />
	</bean>
	
	<bean id="safhollandSubFamilyResolver" class="com.safholland.core.search.solrfacetsearch.provider.impl.SAFHollandSubFamilyResolver" parent="abstractValueResolver">
		<property name="qualifierProvider" ref="languageQualifierProvider" />
	</bean>
	
	<bean id="safhollandModelResolver" class="com.safholland.core.search.solrfacetsearch.provider.impl.SAFHollandModelResolver" parent="abstractValueResolver">
		<property name="qualifierProvider" ref="languageQualifierProvider" />
	</bean>
	
	<bean id="safhollandUserHelper" class="com.safholland.core.helper.SAFHollandUserHelper"></bean>
	
	<alias name="defaultSAFHollandUpdateCartEntryStrategy" alias="commerceUpdateCartEntryStrategy"/>
	<bean id="defaultSAFHollandUpdateCartEntryStrategy"
			class="com.safholland.core.cart.strategy.DefaultSAFHollandUpdateCartEntryStrategy"
			parent="defaultCommerceUpdateCartEntryStrategy">
		
	</bean>
	
	
	<alias name="defaultSafhollandTicketEventEmailStrategy" alias="ticketEventEmailStrategy"/>
	<bean name="defaultSafhollandTicketEventEmailStrategy"
		class="com.safholland.core.email.strategy.DefaultSafhollandTicketEventEmailStrategy"
		parent="defaultTicketEventEmailStrategy">
	</bean>
	
	<bean id="safhollandDefaultTicketBusinessService" class="com.safholland.core.ticket.service.SafhollandDefaultTicketBusinessService" parent="defaultTicketBusinessService"></bean>
	
	<!-- Helper class for SAFHollandProductClassificationCategoryTranslator-->
    <bean id="safHollandProductClassificationCategoryHelper" class="com.safholland.core.impex.jalo.SAFHollandProductClassificationCategoryHelperImpl">
        <property name="productService" ref="productService"/>
        <property name="catalogVersionService" ref="catalogVersionService"/>
        <property name="categoryService" ref="categoryService"/>
        <property name="classificationSystemService" ref="classificationSystemService"/>
    </bean>
    
    <bean id="safhollandSearchableProductCodeResolver" class="com.safholland.core.search.solrfacetsearch.provider.impl.SAFHollandSearchableProductCodeResolver" parent="abstractValueResolver">
		<property name="qualifierProvider" ref="languageQualifierProvider" />
	</bean>
	
	<!-- Helper class for SAFHollandRegionBasedProductCategoryTranslator-->
    <bean id="safHollandRegionBasedProductCategoryHelper" class="com.safholland.core.impex.jalo.SAFHollandRegionBasedProductCategoryHelperImpl">
        <property name="productService" ref="productService"/>
        <property name="catalogVersionService" ref="catalogVersionService"/>
        <property name="categoryService" ref="categoryService"/>
    </bean>
<bean id="safHollandDateUtil" class="com.safholland.core.util.SafHollandDateUtil">
<property name="siteConfigService" ref="siteConfigService"/>
</bean>
	<alias name="customerMaterialCodesDao" alias="customerMaterialCodesDao" />
	<bean id="customerMaterialCodesDao" class="com.safholland.core.dao.impl.DefaultCustomerMaterialCodesDao">
	<property name="flexibleSearchService" ref="flexibleSearchService" />
	</bean>

	<!-- SAF Exploded Image View cron jobs -->
	<bean id="safExplodedImageViewJobPerformable"
		  class="com.safholland.core.job.SAFExplodedImageViewJobPerformable"
		  parent="abstractJobPerformable">
		  <property name="safProductService" ref="safProductService" />
	</bean>
	
	<bean id="safProductService" class="com.safholland.core.services.impl.DefaultSAFProductService">
	<property name="modelService" ref="modelService"/>
	<property name="safProductDao" ref="safProductDao"/>
	</bean>
	
	<bean id="safProductDao" class="com.safholland.core.dao.impl.DefaultSAFProductDao">
	<property name="flexibleSearchService" ref="flexibleSearchService" />
	<property name="catalogVersionService" ref="catalogVersionService" />
	
	</bean>
	<!-- SAF Exploded Image View cron jobs -->
	
</beans>
