<beans xmlns="http://www.springframework.org/schema/beans"
	xmlns:xsi="http://www.w3.org/2001/XMLSchema-instance" xmlns:mvc="http://www.springframework.org/schema/mvc"
	xmlns:context="http://www.springframework.org/schema/context"
	xsi:schemaLocation="http://www.springframework.org/schema/beans
            http://www.springframework.org/schema/beans/spring-beans-3.0.xsd
        http://www.springframework.org/schema/mvc
            http://www.springframework.org/schema/mvc/spring-mvc-3.0.xsd
        http://www.springframework.org/schema/context
            http://www.springframework.org/schema/context/spring-context.xsd"
	default-autowire="byName">

	<context:component-scan base-package="com.qc.starter.controllar" />

	<!-- Enables the Spring MVC @Controller annotations -->
	<mvc:annotation-driven />

	<!-- Define static resource location -->
	<mvc:resources mapping="/resources/**" location="/resources/" />

	<!-- Multipart post handing -->
	<bean id="multipartResolver"
		class="org.springframework.web.multipart.commons.CommonsMultipartResolver">
		<property name="maxUploadSize" value="10000000" />
	</bean>

	<!-- Tiles view resolver -->
	<!-- <bean class="org.springframework.web.servlet.view.UrlBasedViewResolver"> 
		<property name="prefix" value="/WEB-INF/jsp/"></property> <property name="suffix" 
		value=".jsp"></property> </bean> -->
	<bean id="tilesViewResolver"
		class="org.springframework.web.servlet.view.UrlBasedViewResolver">
		<property name="viewClass"
			value="org.springframework.web.servlet.view.tiles2.TilesView" />
	</bean>


	<!-- Tiles Configurations -->
	<bean class="org.springframework.web.servlet.view.tiles2.TilesConfigurer"
		id="tilesConfigurer">
		<property name="definitions">
			<list>
				<value>classpath:tiles/*.xml</value>
			</list>
		</property>
	</bean>
<bean id="messageSource" class="org.springframework.context.support.ReloadableResourceBundleMessageSource">
    <property name="basenames">
        <list>
            <value>WEB-INF/resources/newLeadLabel</value><!-- 
            <value>WEB-INF/resources/jdbc_config</value> -->
        </list>
    </property>
</bean>
	<!-- <mvc:interceptors> <bean class="com.qc.aviva.india.starter.controller.GreetingInterceptor" 
		/> </mvc:interceptors> -->

</beans>