{"ITR":{"ITR1":{"CreationInfo":{"SWVersionNo":"R1","SWCreatedBy":"SW10012122","JSONCreatedBy":"SW10012122","JSONCreationDate":"2021-08-01","Digest":"Bv9LNSCKfSC4evDfI6Lixo5DZBZmfiQmPpVZAZ0l31g=","IntermediaryCity":"Alaknanda"},"Form_ITR1":{"FormName":"ITR-1","Description":"For Indls having Income from Salary, Pension, family pension and Interest","AssessmentYear":"2021","SchemaVer":"Ver1.2","FormVer":"Ver1.2"},"PersonalInfo":{"AssesseeName":{"FirstName":"MOHAMMAD","SurNameOrOrgName":"JAVED"},"Address":{"ResidenceNo":"House No 301 B","ResidenceName":"TA Block Street Number 5 Tughlakabad Extension","RoadOrStreet":"Tugalkabad","LocalityOrArea":"SOUTH DELHI","CityOrTownOrDistrict":"Alaknanda","StateCode":"9","CountryCode":"91","PinCode":110019,"CountryCodeMobile":91,"MobileNo":9717307896,"EmailAddress":"mdjavedmansoori@gmail.com"},"PAN":"BFQPJ6658M","DOB":"1992-04-25","EmployerCategory":"OTH"},"FilingStatus":{"ReturnFileSec":"11","NewTaxRegime":"N","SeventhProvisio139":"N","DepAmtAggAmtExcd1CrPrYrFlg":"N","IncrExpAggAmt2LkTrvFrgnCntryFlg":"N","IncrExpAggAmt1LkElctrctyPrYrFlg":"N"},"ITR1_IncomeDeductions":{"AllwncExemptUs10":{"TotalAllwncExemptUs10":0},"OthersInc":{"OthersIncDtlsOthSrc":[{"OthSrcNatureDesc":"SAV","OthSrcOthNatOfInc":"Interest from Saving Account","OthSrcOthAmount":2401}]},"UsrDeductUndChapVIA":{"Section80C":19683,"Section80CCDEmployer":0,"Section80D":0,"Section80E":0,"Section80TTA":2401,"Section80TTB":"0","TotalChapVIADeductions":22084,"Section80G":0},"DeductUndChapVIA":{"Section80C":19683,"Section80CCC":0,"Section80CCDEmployeeOrSE":0,"Section80CCD1B":0,"Section80CCDEmployer":0,"Section80D":0,"Section80DD":0,"Section80DDB":0,"Section80E":0,"Section80EE":0,"Section80EEA":0,"Section80EEB":0,"Section80G":0,"Section80GG":0,"Section80GGA":0,"Section80GGC":0,"Section80TTA":2401,"Section80TTB":0,"TotalChapVIADeductions":22084},"ExemptIncAgriOthUs10":{"ExemptIncAgriOthUs10Total":0},"GrossSalary":542097,"Salary":"5,42,097","PerquisitesValue":0,"ProfitsInSalary":0,"NetSalary":542097,"DeductionUs16":50600,"DeductionUs16ia":50000,"EntertainmentAlw16ii":"0","ProfessionalTaxUs16iii":"600","IncomeFromSal":491497,"AnnualValue":0,"StandardDeduction":0,"TotalIncomeOfHP":0,"IncomeOthSrc":2401,"DeductionUs57iia":"0","GrossTotIncome":493898,"TotalIncome":471810},"Schedule80GGA":{"TotalDonationsUs80GGA":0,"TotalDonationAmtCash80GGA":0,"TotalDonationAmtOtherMode80GGA":0,"TotalEligibleDonationAmt80GGA":0},"ITR1_TaxComputation":{"IntrstPay":{"IntrstPayUs234A":0,"IntrstPayUs234B":0,"IntrstPayUs234C":0,"LateFilingFee234F":1000},"TotalTaxPayable":11091,"Rebate87A":11091,"TaxPayableOnRebate":0,"EducationCess":0,"GrossTaxLiability":0,"Section89":"0","NetTaxLiability":0,"TotalIntrstPay":1000,"TotTaxPlusIntrstPay":1000},"TaxPaid":{"TaxesPaid":{"AdvanceTax":0,"TDS":0,"TCS":0,"SelfAssessmentTax":0,"TotalTaxesPaid":0},"BalTaxPayable":1000},"Refund":{"BankAccountDtls":{"AddtnlBankDetails":[{"IFSCCode":"HDFC0001092","BankName":"HDFC BANK","BankAccountNo":"50100204176638","UseForRefund":true}]},"RefundDue":"0"},"Schedule80G":{"Don100Percent":{"TotDon100PercentCash":0,"TotDon100PercentOtherMode":0,"TotDon100Percent":0,"TotEligibleDon100Percent":0},"Don50PercentNoApprReqd":{"TotDon50PercentNoApprReqdCash":0,"TotDon50PercentNoApprReqdOtherMode":0,"TotDon50PercentNoApprReqd":0,"TotEligibleDon50Percent":0},"Don100PercentApprReqd":{"TotDon100PercentApprReqdCash":0,"TotDon100PercentApprReqdOtherMode":0,"TotDon100PercentApprReqd":0,"TotEligibleDon100PercentApprReqd":0},"Don50PercentApprReqd":{"TotDon50PercentApprReqdCash":0,"TotDon50PercentApprReqdOtherMode":0,"TotDon50PercentApprReqd":0,"TotEligibleDon50PercentApprReqd":0},"TotalDonationsUs80GCash":0,"TotalDonationsUs80GOtherMode":0,"TotalDonationsUs80G":0,"TotalEligibleDonationsUs80G":0},"Schedule80D":{"Sec80DSelfFamSrCtznHealth":{"SeniorCitizenFlag":"S","SelfAndFamily":0,"SelfAndFamilySeniorCitizen":0,"ParentsSeniorCitizenFlag":"P","Parents":0,"ParentsSeniorCitizen":0,"EligibleAmountOfDedn":0}},"TDSonSalaries":{"TotalTDSonSalaries":0},"TDSonOthThanSals":{"TotalTDSonOthThanSals":0},"ScheduleTDS3Dtls":{"TotalTDS3Details":0},"ScheduleTCS":{"TotalSchTCS":0},"TaxPayments":{"TotalTaxPayments":0},"Verification":{"Declaration":{"AssesseeVerName":"MOHAMMAD JAVED","FatherName":"MOHAMMAD RAFIQUE","AssesseeVerPAN":"BFQPJ6658M"},"Capacity":"S","Place":"117.97.248.186"}}}}