<hybrisconfig xmlns:xsi='http://www.w3.org/2001/XMLSchema-instance' xsi:noNamespaceSchemaLocation='../bin/platform/resources/schemas/extensions.xsd'>
  <extensions>
    <path dir='${HYBRIS_BIN_DIR}' autoload='false' />
    <extension name='adaptivesearchsolr' />
    <extension name='adaptivesearchbackoffice' />
    <extension name='adaptivesearchsamplesaddon' />
    <extension name='adaptivesearchwebservices' />
    <extension name='commerceservicesbackoffice' />
    <extension name='solrfacetsearchbackoffice' />
    <extension name='solrserver' />
    
    <extension name='acceleratorwebservicesaddon' />
    <extension name='orderselfserviceaddon' />
    <extension name='customersupportbackoffice' />
	<extension name='customerticketingaddon' /> 
    <extension name='commerceorgsamplesaddon' />
    <extension name='rulebuilderbackoffice' />
    <extension name='couponbackoffice' />
    <extension name='droolsruleengineservices' />
    <extension name='couponfacades' />
    <extension name='couponservices' />
    <extension name='promotionenginesamplesaddon' />
    <extension name='cmswebservices' />
    
    <extension name='ysapproductconfigaddon' />
    <extension name='sapproductconfigb2baddon' />
    
    
    
    <extension name='permissionswebservices' />
    
    <extension name='cmsbackoffice' />
    
    <extension name='cmsoccaddon' />
    
    <extension name='textfieldconfiguratortemplatebackoffice' />
    <extension name='textfieldconfiguratortemplateaddon' />
    <extension name='assistedservicestorefront' />
    <extension name='assistedservicewebservices' />
    <extension name='assistedservicepromotionaddon' />
    <extension name='pcmbackofficesamplesaddon' />
    <extension name='outboundservices' />
	
	<extension name='b2bacceleratoraddon' />
	<extension name='commerceorgaddon' />
	<extension name='productcomparison' />
	<extension name='powertoolsstore' />	
    <extension name='b2bcommercebackoffice' />
	
	<extension name='invacarebackoffice' />
	<extension name='invacarecore' />
	<extension name='invacarefacades' />
	<extension name='invacarefulfilmentprocess' />
	<extension name='invacarestorefront' />
	<extension name='invacaretest' />
	
	<!-- add tag related extension here -->
	<extension name='tagb2bstorefront' />
	<extension name='tagstore' />
	<extension name='tagsecureportal' />
	<extension name='tagsupportticktingaddon' />
	
	<!-- end of tag extension -->
	
	<!-- add equipment related extension here -->
	
	<extension name='equipmentb2bstorefront' />
	<extension name='equipmentstore' />
	
	<!-- end of equipment extension -->
	
  </extensions>
</hybrisconfig>