LkupCode,KeyCode,Descr,Key1,key2,key3,key4,key5,key6,key7,key8,key9,key10,CRTBY,CRTDate,UPDBY,UPDdate,RowVersion,Status
shopify-admin-access,1,"Shopify Admin Access",order_create,orders/create,orders/create,NULL,NULL,NULL,NULL,NULL,NULL,NULL,admin,"2020-05-10 14:21:51",admin,"2020-05-10 14:21:51",1,1
shopify-admin-access,2,"Shopify Admin Access",order_update,orders/updated,orders/update,NULL,NULL,NULL,NULL,NULL,NULL,NULL,admin,"2020-05-10 14:21:51",admin,"2020-05-10 14:21:51",1,1
shopify-admin-access,3,"Shopify Admin Access",Customer_create,customers/create,customers/create,NULL,NULL,NULL,NULL,NULL,NULL,NULL,admin,"2020-05-10 14:21:51",admin,"2020-05-10 14:21:51",1,1
shopify-admin-access,4,"Shopify Admin Access",Customer_update,customers/update,customers/update,NULL,NULL,NULL,NULL,NULL,NULL,NULL,admin,"2020-05-10 14:21:51",admin,"2020-05-10 14:21:51",1,1
shopify-admin-access,5,"Shopify Admin Access",Transaction_create,order_transactions/create,order_transactions/create,NULL,NULL,NULL,NULL,NULL,NULL,NULL,admin,"2020-05-10 14:21:51",admin,"2020-05-10 14:21:51",1,1
shopify-admin-access,6,"Shopify Admin Access",Order_cancelled,orders/cancelled,orders/cancelled,NULL,NULL,NULL,NULL,NULL,NULL,NULL,admin,"2020-05-10 14:21:51",admin,"2020-05-10 14:21:51",1,1
shopify-admin-access,7,"Shopify Admin Access",Order_fulfilled,orders/fulfilled,orders/fulfilled,NULL,NULL,NULL,NULL,NULL,NULL,NULL,admin,"2020-05-10 14:21:51",admin,"2020-05-10 14:21:51",1,1
shopify-admin-access,8,"Shopify Admin Access",app_uninstalled,app/uninstalled,app/uninstalled,NULL,NULL,NULL,NULL,NULL,NULL,NULL,admin,"2020-05-10 14:21:51",admin,"2020-05-10 14:21:51",1,1
shopify-admin-access,9,"Shopify Admin Access",refunds_create,refunds/create,refunds/create,NULL,NULL,NULL,NULL,NULL,NULL,NULL,admin,"2020-05-10 14:21:51",admin,"2020-05-10 14:21:51",1,1
sift-notification,1,"Sift Notification","Daily Summary",,2,NULL,NULL,NULL,NULL,NULL,NULL,NULL,admin,"2020-05-10 14:21:51",admin,"2020-05-10 14:21:51",1,1
sift-notification,2,"Sift Notification","Cancelled Orders",,2,NULL,NULL,NULL,NULL,NULL,NULL,NULL,admin,"2020-05-10 14:21:51",admin,"2020-05-10 14:21:51",1,1
