id,shop_id,webhook_id,webhook_type,status,url
1,1,783796273225,orders/create,1,NULL
2,1,783796305993,orders/updated,1,NULL
3,1,783796338761,customers/create,1,NULL
4,1,783796371529,customers/update,1,NULL
5,1,783796404297,order_transactions/create,1,NULL
6,1,783796437065,orders/cancelled,1,NULL
7,1,783796469833,orders/fulfilled,1,NULL
8,1,783796502601,app/uninstalled,1,NULL
9,1,783796535369,refunds/create,1,NULL
10,1,786179653705,orders/create,1,NULL
11,1,786179686473,orders/updated,1,NULL
12,1,786179719241,customers/create,1,NULL
13,1,786179752009,customers/update,1,NULL
14,1,786179784777,order_transactions/create,1,NULL
15,1,786179817545,orders/cancelled,1,NULL
16,1,786179850313,orders/fulfilled,1,NULL
17,1,786179883081,app/uninstalled,1,NULL
18,1,786179915849,refunds/create,1,NULL
19,1,786353684553,orders/create,1,NULL
20,1,786353717321,orders/updated,1,NULL
21,1,786353750089,customers/create,1,NULL
22,1,786353782857,customers/update,1,NULL
23,1,786353815625,order_transactions/create,1,NULL
24,1,786353848393,orders/cancelled,1,NULL
25,1,786353946697,orders/fulfilled,1,NULL
26,1,786353979465,app/uninstalled,1,NULL
27,1,786354012233,refunds/create,1,NULL
28,1,786360959049,orders/create,1,NULL
29,1,786360991817,orders/updated,1,NULL
30,1,786361024585,customers/create,1,NULL
31,1,786361221193,customers/update,1,NULL
32,1,786361352265,order_transactions/create,1,NULL
33,1,786361385033,orders/cancelled,1,NULL
34,1,786361417801,orders/fulfilled,1,NULL
35,1,786361450569,app/uninstalled,1,NULL
36,1,786361483337,refunds/create,1,NULL
37,1,786363154505,orders/create,1,NULL
38,1,786363187273,orders/updated,1,NULL
39,1,786363220041,customers/create,1,NULL
40,1,786363252809,customers/update,1,NULL
41,1,786363285577,order_transactions/create,1,NULL
42,1,786363318345,orders/cancelled,1,NULL
43,1,786363416649,orders/fulfilled,1,NULL
44,1,786363449417,app/uninstalled,1,NULL
45,1,786363547721,refunds/create,1,NULL
46,1,786367545417,orders/create,1,NULL
47,1,786367643721,orders/updated,1,NULL
48,1,786367807561,customers/create,1,NULL
49,1,786367971401,customers/update,1,NULL
50,1,786368102473,order_transactions/create,1,NULL
51,1,786368168009,orders/cancelled,1,NULL
52,1,786368200777,orders/fulfilled,1,NULL
53,1,786368233545,app/uninstalled,1,NULL
54,1,786368266313,refunds/create,1,NULL
